codigo_ciuo,n_empresas_muestra,peso_empresas,personas_contratadas,pct_sin_contratar,nivel_educ_moda,nivel_educ_pct,anios_exp_prom,pct_requiere_cert,nivel_educ_glosa,razon_dificultad_glosa,n_empresas_proyectan,peso_empresas_proyectan
1120,16,357.67026927862236,313.04467776704263,0.2006708942866509,5,0.7653064546274653,4.318355312621719,0.9585601050735217,Profesional,Candidatos sin competencias o habilidades técnicas requeridas,6,90.55046163245521
1211,24,188.8892728784359,197.4846082536305,0.07550586132425721,5,0.8100852140304642,3.2200611387040996,0.6601789513005111,Profesional,Ubicación geográfica,8,317.66819635892705
1212,35,489.4462313282001,695.7573937677942,0.05370787000590218,5,0.5753813452939962,3.1187315739722514,0.9165262964880395,Profesional,Falta de postulantes,7,44.17261856895524
1213,7,312.8549001775465,316.8549001775465,0,6,0.7405008372549661,3.5472125271336448,1,Profesional con Magíster,NA,3,8.483235776528801
1219,13,151.1210961090054,168.78280135773596,0.020726264616975416,5,0.7034074621100296,2.853387769880325,0.7573955151681867,Profesional,Candidatos sin la experiencia laboral mínima requerida,4,334.912185376258
1221,22,841.7680038796556,939.4035953995447,0.00417320061125563,5,0.8856265720985752,4.522212314896539,0.1534333352202724,Profesional,Candidatos sin competencias o habilidades técnicas requeridas,9,423.5559197332058
1222,4,29.53227203799532,36.53227203799532,0,5,0.856253610779427,5.64544059420225,0.03386126196837922,Profesional,NA,NA,NA
1223,1,4.01755510457195,0,1,5,1,4,1,Profesional,Candidatos sin competencias o habilidades técnicas requeridas,1,28.3262895606989
1311,15,749.9522721824192,926.09444990579,0.037716380159228596,5,0.9369830519923273,0.8440446732964115,0.8915458278378099,Profesional,Falta de postulantes,5,18.31467205428005
1312,2,15.60636594476121,15.60636594476121,0,6,0.7659601683539341,7.65960168353934,0,Profesional con Magíster,NA,NA,NA
1321,8,265.77291216256157,889.0352028153962,0,5,0.8840881987760547,4.431505103218546,0.1572107826572876,Profesional,NA,NA,NA
1322,3,64.93047828413756,64.93047828413756,0,6,0.9004293746663545,7.034745418625569,0.9845989121530266,Profesional con Magíster,NA,NA,NA
1323,13,354.84893662714506,517.9512561450751,0.006287909324481386,0,0.6239055994132886,2.64887849082355,0.912813476359169,Sin exigencia de educación formal,Condiciones laborales (horario y/o jornada) no aceptadas,NA,NA
1324,16,334.41981867608075,420.6494426584784,0,5,0.9030386805438456,2.0662982173180935,0.27651265868290054,Profesional,NA,6,648.5363371029259
1330,9,125.62257502079372,272.7783540737178,0.16277220973047446,5,0.9203010117198929,2.279117617169968,0.9674050035586073,Profesional,Candidatos sin la experiencia laboral mínima requerida,4,17.42759913340883
1341,1,5.57901030683986,55.79010306839861,0,5,1,5,1,Profesional,NA,NA,NA
1342,2,38.5232092306791,38.5232092306791,0,5,1,0.8908241526879779,1,Profesional,NA,NA,NA
1344,2,267.91589023692524,785.6487231879033,0,5,1,3.067554587773301,1,Profesional,NA,1,258.866416475489
1345,24,811.0514074425037,875.2899556586722,0.3191738699915151,5,0.885996409485308,1.443876183311139,0.6487597669957272,Profesional,Candidatos sin competencias o habilidades técnicas requeridas,1,1
1346,2,49.70540077091111,327.86195126444716,0,5,1,1.932683860571279,0,Profesional,NA,1,46.359425082256
1349,4,285.31031440160217,526.9377627223183,0,5,0.9812733679976466,6.493121919664826,1,Profesional,NA,NA,NA
1411,3,18.26713234145808,14.48697711614509,0.20693752881692096,4,0.5861249423661581,2.206937528816921,0.20693752881692096,Técnico superior,Candidatos sin la experiencia laboral mínima requerida,2,4.78015522531299
1412,18,184.23719561494158,194.96954818387795,0.24831586325819993,5,0.35322337903830103,1.4623801191936616,0.5337174199419416,Profesional,Candidatos sin competencias o habilidades técnicas requeridas,12,148.93396177131908
1420,15,145.53026238878385,204.5795455549743,0.11268785578427791,2,0.46747259481990433,1.7788293228874559,0.8659346184378854,Educación media científico humanista,Candidatos sin competencias o habilidades técnicas requeridas,5,73.00651245595489
1431,8,58.96673633648347,57.96673633648347,0.01695871371095855,5,0.9287083656508398,0.87020670589144,0.40915690484514106,Profesional,Otra dificultad,2,7.59065891894848
1439,3,10.201932128321591,21.84085229048016,0,4,1,2,1,Técnico superior,NA,3,11.05798736479625
2111,1,5.57901030683986,83.6851546025979,0,5,1,0,1,Profesional,NA,1,5.57901030683986
2113,5,35.82682980079453,206.54417547893664,0.0762437255783983,5,0.8986803514510584,1.2944376159261397,1,Profesional,Otra dificultad,2,4.62996180403925
2114,16,140.29307866090207,553.6479956888508,0,5,0.9226781300761865,3.340773062726202,0.8422174690475075,Profesional,NA,4,14.31398826561907
2131,9,76.52973694712962,101.26562023269858,0,5,0.9053648589195932,0.5823127439078918,1,Profesional,NA,2,22.70774727427026
2132,9,113.74969615111502,88.01340188216942,0.4787961876536541,5,0.716552584912689,2.3797108815200994,0.762243602740965,Profesional,Candidatos sin competencias o habilidades técnicas requeridas,3,54.419163880161996
2133,6,57.14990026906487,136.2058768241047,0,4,0.3769718552835668,2.875314931426333,0.8178507685539477,Técnico superior,NA,1,15.9827479174487
2134,1,5.57901030683986,111.58020613679722,0,5,1,0,1,Profesional,NA,NA,NA
2141,23,167.4465413218293,250.51084118770578,0.13190462153984672,5,1,3.431868032045219,0.775025314570782,Profesional,Candidatos sin la experiencia laboral mínima requerida,4,25.35555781104983
2142,59,1722.7627532913775,4441.055710527287,0.020474902083385028,5,0.9854192139949891,2.6066450961216256,0.8505366718873628,Profesional,Otra dificultad,14,237.05105354311308
2143,9,322.607871380115,162.89626301809773,0.8605839385896901,6,0.8024181659550359,4.512396393659749,0.9534383714061964,Profesional con Magíster,Falta de postulantes,4,297.4682654668528
2144,14,210.2262868787045,450.2815459458858,0.2733497832805723,5,1,3.756869166987097,0.8988206532251032,Profesional,Candidatos sin habilidades blandas o socioemocionales requeridas,2,2
2145,1,5.57901030683986,55.79010306839861,0,5,1,0,1,Profesional,NA,3,8.52925350616599
2146,5,76.3249617135342,383.49637508162226,0,5,1,0.7409760542912684,0.24709677321746687,Profesional,NA,3,137.5802427544339
2147,1,2.94636350302331,2.94636350302331,0,5,1,0,0,Profesional,NA,NA,NA
2149,4,78.9560894837743,181.59087184707144,0,5,1,2.5739625709566534,0.8097531427043967,Profesional,NA,NA,NA
2151,21,220.2179283649597,816.9184928082076,0,5,0.8361024673325603,1.9705651583222756,0.6272465038458727,Profesional,NA,6,23.76908436150241
2152,2,7.08595078638634,7.08595078638634,0,5,1,3.6163694258898165,1,Profesional,NA,NA,NA
2153,9,199.8331613554774,609.0246112946219,0.049129273374804015,5,1,3.088163384706626,0.9795095700934366,Profesional,Remuneración ofrecida no aceptada,3,251.4054647716374
2161,9,681.7177575864782,735.4001149149337,0,5,0.6202733263220725,1.9381309464083718,0.8553395099080235,Profesional,NA,NA,NA
2163,1,1,5,0,5,1,2,1,Profesional,NA,3,694.743563966952
2165,1,1,1,0,5,1,0,0,Profesional,NA,2,86.54265576101903
2166,21,1849.358433416755,2467.9115162903377,0.00894163651923575,5,0.9704251338498033,1.9254703643483724,0.7238307718145902,Profesional,Otra dificultad,7,56.77474875304689
2211,13,62.23939781547125,178.90818923645176,0,5,1,1.3005562066221859,0.9711114569390901,Profesional,NA,4,26.35774650658586
2212,4,283.48924737554194,801.22208032652,0,5,0.9618319852669307,2.0640425962575533,1,Profesional,NA,2,12.06952598609746
2221,41,287.5668216955002,2329.5960904310837,0.01574324266084856,5,0.996522547371411,0.6848107762329245,0.9937475209647751,Profesional,Falta de postulantes,15,125.67567476062577
2222,2,9.81563116517444,9.58651662884344,0.7558354509372738,5,1,1.5116709018745476,1,Profesional,Falta de postulantes,NA,NA
2230,22,273.63477139114445,415.622281863843,0,5,0.9234548822005735,1.0613988282853686,0.7497841101837481,Profesional,NA,6,81.32889283981527
2241,3,119.7533690718973,275.9787256748099,0,4,0.6522795885146175,1.304559177029235,1,Técnico superior,NA,2,270.3055515494028
2242,7,79.28084533808587,150.23527449703346,0,5,1,0.8369590302845592,0.8661797058294857,Profesional,NA,4,59.196425364401236
2243,137,2802.3835351923713,4268.608283942715,0.004563001610343414,5,0.9345478124895651,2.1020794910993654,0.5647380601613655,Profesional,Falta de postulantes,23,361.99733468809285
2244,18,371.9379810554478,1600.1214506140434,0,5,0.9706085710697487,2.331991973422373,0.9281557825914118,Profesional,NA,5,287.49417326873515
2245,2,8.70706534663158,14.00718692649513,0.4637616552817091,5,1,0.5362383447182908,1,Profesional,"Candidatos sin licencias, certificaciones o requisitos legales",3,23.77261533634954
2246,23,234.3895368252021,203.7319657075117,0.15585208702179576,5,1,0.7857543734968121,0.9455525897397228,Profesional,Candidatos sin competencias o habilidades técnicas requeridas,5,302.77806925023845
2247,17,482.7673598293378,1152.9610969253347,0,5,0.9812550008255834,2.185045079842915,0.44582635108858176,Profesional,NA,7,334.74860569861033
2248,17,928.094442219709,2126.0569599517307,0.003919143685263336,5,1,0.19994794887303377,0.9880870556081839,Profesional,Candidatos sin habilidades blandas o socioemocionales requeridas,5,40.50396598932599
2249,1,9.46300993854909,66.24106956984363,0,5,1,0,1,Profesional,NA,NA,NA
2310,20,118.08938075885231,2316.8558960976366,0.02857282500754772,5,0.9182203448219989,2.7157435220771324,1,Profesional,Condiciones laborales (horario y/o jornada) no aceptadas,12,177.97478511585516
2320,4,27.37587712136882,441.1419328853271,0,5,0.7484056010947308,0.3875450637871369,0.6391394626924061,Profesional,NA,1,1
2330,141,2644.794378925263,5971.025855346308,0.0047709672233579355,5,0.9952310459224204,0.7545936771252798,0.9537358258189693,Profesional,Falta de postulantes,20,263.4320833312068
2341,105,1067.7190317683837,3979.9310537915753,0.07183306672550788,5,0.9966766813874943,0.6288516795056038,0.9028612508900808,Profesional,Candidatos sin habilidades blandas o socioemocionales requeridas,21,185.38331848258488
2342,51,796.4655481704618,1253.9726589559525,0.06798496272993738,5,0.9812647249233786,1.1153997320190514,0.9616678779878316,Profesional,Candidatos sin competencias o habilidades técnicas requeridas,7,94.79288336354288
2351,10,102.34236628090666,136.78408825707845,0,5,0.6853488688630747,4.15409709538563,0.9115764654434756,Profesional,NA,4,37.40884533785792
2352,74,1724.015874827204,2422.6660380581006,0.30711380436031305,5,0.9714663870439433,0.32972778098252836,0.9254067303064112,Profesional,Falta de postulantes,23,737.9280784184493
2353,1,5.34290126427455,10.6858025285491,0,5,1,0,1,Profesional,NA,1,5.34290126427455
2354,2,11.21433146743782,11.21433146743782,0,5,1,2.3384356410807405,1,Profesional,NA,NA,NA
2355,2,276.7643360473877,294.66225561928644,0,5,1,0,1,Profesional,NA,NA,NA
2356,1,5.03215123785774,20.12860495143096,0,2,1,5,1,Educación media científico humanista,NA,NA,NA
2359,19,154.06020616605156,455.50336795245,0,5,0.7176614305714694,2.4888755137180794,0.8878430360581158,Profesional,NA,4,31.1536222217575
2411,52,1284.9495638553935,1698.4582981713029,0.02746053379409764,5,0.7956842505996357,3.4806102235765746,0.9115525237895494,Profesional,Remuneración ofrecida no aceptada,20,2251.414436233843
2412,2,158.10281852738024,465.37427565481426,0,5,1,2,1,Profesional,NA,NA,NA
2413,11,674.121699584345,1038.8730549401723,0.017524539387164605,5,0.967604363226861,2.391744285344083,0.5627448023221426,Profesional,Candidatos sin la experiencia laboral mínima requerida,5,142.82948753517877
2421,50,687.9125955067984,1446.31386281272,0,5,0.9244195612959257,1.8614942945008452,0.5779158625756313,Profesional,NA,10,1006.0869083521486
2422,9,131.32227218764046,277.32921588879503,0.09304143690340418,5,0.9204757766203151,2.3976659324885894,0.8060919204898375,Profesional,Remuneración ofrecida no aceptada,NA,NA
2423,26,652.905354687023,1993.8359361949147,0,5,0.8518593191197283,2.551602310714742,0.943720104290282,Profesional,NA,5,183.63444521971078
2424,3,248.9427468301604,248.9427468301604,0,5,0.9525446214981792,0.9403052779105072,0.05969472208949276,Profesional,NA,3,31.730932244918982
2431,18,386.604929424897,498.83436588525774,0.028980162910253002,4,0.753865397919736,2.160168108715163,0.13838121914228735,Técnico superior,Otra dificultad,11,497.6371562311814
2432,18,384.402360645695,644.8442219264517,0.04679670013034547,5,0.8415756628853862,1.6066190939010467,0.8338221346347374,Profesional,Candidatos sin la experiencia laboral mínima requerida,8,155.67100458478845
2433,18,2828.3715639070565,5134.976068098189,0.08320973050181177,4,0.3836212749901342,1.7030224654823183,0.6378317807997346,Técnico superior,Candidatos sin la experiencia laboral mínima requerida,12,824.9985687171035
2434,10,265.482946128595,325.77336680186835,0.11826115942952099,5,0.4339191812067606,2.5321163110141316,0.45693085310496173,Profesional,Falta de postulantes,5,139.85771906559978
2511,12,306.0242683167967,841.3487166369828,0,5,1,4.5076789505664285,0.3138586474706745,Profesional,NA,4,50.833979289976426
2512,29,1362.1515319657328,4196.581171243265,0.3513545058714919,5,0.7549846585947745,2.3158296973384664,0.3927020455409156,Profesional,Candidatos sin la experiencia laboral mínima requerida,14,213.54864020405827
2513,9,183.09508864850213,534.5788822784224,0.03336630433931079,5,0.5523061226977866,3.0449180377415606,0.4898532945556363,Profesional,Remuneración ofrecida no aceptada,1,4.31787800363785
2514,2,50.5742291341074,50.5742291341074,0,5,1,5,1,Profesional,NA,5,200.76125629098777
2519,4,624.3656889337545,3134.4707681604464,0,5,1,2.597342600294119,0.18567967052019885,Profesional,NA,3,192.8907577481447
2521,6,48.755931143878286,241.71676930052027,0,5,0.8333411302208457,2.271205436521299,0.10449328453449191,Profesional,NA,4,41.34849453664115
2522,11,230.1097298689694,359.03242764691106,0,5,1,1.344619874540797,0.8901084513833775,Profesional,NA,4,505.0552719023808
2523,1,2.43989173232533,7.3196751969759895,0,5,1,4,1,Profesional,NA,1,4.01755510457196
2529,4,552.4515010583276,816.8082827642467,0,5,1,4.655502186655783,1,Profesional,NA,NA,NA
2611,16,207.90669488672708,361.38077390415896,0.03735108160594201,5,0.9552846835334108,3.817299865704725,0.660666429853547,Profesional,Candidatos sin competencias o habilidades técnicas requeridas,6,151.1658024479692
2619,1,2.83255681266876,2.83255681266876,0,4,1,0,1,Técnico superior,NA,NA,NA
2622,3,15.60754502153177,13.72485772324824,0.4409846192202778,4,0.5050561947704637,2.871856848899628,0.9359284244498142,Técnico superior,Candidatos sin nivel educacional requerido,1,6.88268729828353
2632,4,73.44505339444027,215.35662601388526,0,5,0.677964305602943,1.644071388794114,1,Profesional,NA,2,47.303857539815
2634,47,647.1758204407663,1776.8245282370028,0.0037032118344263987,5,0.9631301284450462,0.6529876745057153,0.9780378393875978,Profesional,Candidatos sin competencias o habilidades técnicas requeridas,16,153.07997361490948
2635,22,403.76035327966724,1709.4076214051677,0,5,0.9635833486888422,1.8567181669601904,0.801621189145761,Profesional,NA,6,92.49028504168689
2636,1,78.1126783014563,312.4507132058252,0,4,1,3,1,Técnico superior,NA,1,78.1126783014563
2642,17,103.46221119076303,209.77523715924346,0,5,1,2.0078294923620876,0.8649878119713831,Profesional,NA,3,14.44463955908881
2643,1,258.86641647549,0,1,4,1,2,1,Técnico superior,Falta de postulantes,1,258.86641647549
2652,2,14.39237502571078,108.15977017429883,0,4,0.628768618471246,0.628768618471246,0.628768618471246,Técnico superior,NA,1,5.34290126427455
2654,2,6.01161588482518,19.97004134659779,0,4,0.66829870396631,2.6682987039663097,1,Técnico superior,NA,NA,NA
2656,6,24.05866672637944,51.64447632361588,0,0,0.6660201373364677,2.138255974250592,0.40888540903145487,Sin exigencia de educación formal,NA,3,10.14098309251559
3111,20,188.90475534418695,847.9913171263594,0,5,0.28104650876237247,1.5373598032509905,0.7191061297180258,Profesional,NA,6,41.34642857331467
3112,21,566.9263747842645,882.7085119260433,0.4938923256019075,0,0.398658700929221,3.029789627204308,0.8099398711358005,Sin exigencia de educación formal,Candidatos sin nivel educacional requerido,14,386.62439676247203
3113,59,6228.462944188759,11659.524761323319,0.007281999089681341,4,0.9408248520103032,1.1050431032661365,0.987054015053909,Técnico superior,Falta de postulantes,29,437.08244147777066
3114,11,538.9629583824436,585.4259987150665,0.8573395281801128,5,0.8959679481577609,0.05454417507017341,0.12584475980954704,Profesional,Candidatos sin habilidades blandas o socioemocionales requeridas,5,497.162712276614
3115,19,122.51508546629208,342.54053845568546,0.08496758069921749,4,0.6224698125957292,2.494252318036157,0.7690777322842259,Técnico superior,Candidatos sin habilidades blandas o socioemocionales requeridas,12,108.55543344031256
3116,3,15.61072059572969,15.61072059572969,0,4,0.7749708780716404,3.0625728048208987,1,Técnico superior,NA,NA,NA
3117,5,49.28650729530065,204.0078778966623,0,4,0.8556894703400009,1,0.7477773280599329,Técnico superior,NA,2,2
3118,7,36.00256951485349,58.414445132140926,0,3,0.3706315078139917,0.7238043954360984,0.637974361210146,Educación media técnico profesional,NA,2,12.338797510817269
3119,1,4.1617206494349,12.4851619483047,0,4,1,1,1,Técnico superior,NA,3,19.36750247288964
3121,24,211.21884324559173,666.6092906753809,0.036765374754498384,3,0.4381472351048673,4.513668708721353,0.6076842382740597,Educación media técnico profesional,Candidatos sin competencias o habilidades técnicas requeridas,4,11.4999724270367
3122,70,467.82023819476984,2009.154438213757,0.05358931667289932,4,0.4144275434638411,1.935909977910802,0.7109505640645394,Técnico superior,Remuneración ofrecida no aceptada,34,221.89128540479356
3123,131,3838.612219708593,23968.11779749842,0.027589900926853685,4,0.36681967031736007,3.0688226998056907,0.8359375542160081,Técnico superior,Candidatos sin nivel educacional requerido,37,2343.931759834152
3131,7,129.56504775533614,2767.4486552335316,0.007718130910493297,4,0.4054037022534225,2.479341035343108,1,Técnico superior,Candidatos sin competencias o habilidades técnicas requeridas,NA,NA
3132,19,191.45827858402188,943.1941643420503,0,2,0.6835769117378012,1.1494280908106214,0.38161282438436567,Educación media científico humanista,NA,16,93.38825231250563
3133,2,9.386878119327541,9.386878119327541,0,2,0.6257683647672986,1.122694905698104,1,Educación media científico humanista,NA,NA,NA
3134,2,6.534542818907919,28.21019821973934,0,4,0.6585441400821631,2.6585441400821637,0.34145585991783695,Técnico superior,NA,1,3.32217002649045
3135,1,8.40385045878902,0,1,4,1,3,1,Técnico superior,Falta de postulantes,NA,NA
3139,6,31.019717125936367,181.84011689056408,0,4,0.45484578810869786,0.8098216557387916,0.714041394728585,Técnico superior,NA,NA,NA
3141,3,25.36498395777624,64.59129353146517,0,3,0.6873381500592274,0,0.6873381500592274,Educación media técnico profesional,NA,1,17.4343211498199
3142,21,459.25423403597296,1994.0069117178432,0.01271295308757364,4,0.5160188116048435,3.005673224044176,0.8324913816433406,Técnico superior,Ubicación geográfica,7,116.9032365346333
3143,11,143.03004849103954,255.2696644375699,0.040655575040124056,2,0.6191334494024032,2.2657381007558293,0.9292108638763582,Educación media científico humanista,Candidatos sin competencias o habilidades técnicas requeridas,2,18.72358208792194
3151,25,235.8711003860427,1862.320083290152,0,0,0.3933915774977545,1.0859815769764771,0.9464804126446601,Sin exigencia de educación formal,NA,10,126.45419876588458
3152,23,197.36824634269624,676.0535004371002,0.02545146250406066,0,0.45453451248840726,2.8577416462806435,0.9872974771837946,Sin exigencia de educación formal,Candidatos sin habilidades blandas o socioemocionales requeridas,16,135.6417502039232
3153,2,13.062149614948291,16.59940837182789,0,5,1,2.3540109634143103,1,Profesional,NA,NA,NA
3154,1,1.49489666412702,14.9489666412702,0,4,1,1,1,Técnico superior,NA,NA,NA
3211,1,23.8691645475402,23.8691645475402,0,5,1,2,1,Profesional,NA,1,14.3633132974849
3212,6,45.02275363375098,117.77127404008188,0,4,0.4523057234253058,0.11867113477193636,1,Técnico superior,NA,NA,NA
3213,1,5.11925815814655,5.11925815814655,0,3,1,1,1,Educación media técnico profesional,NA,1,27.0840741567653
3214,2,463.338631041584,463.338631041584,0,4,1,3.5,1,Técnico superior,NA,NA,NA
3215,2,237.01221678506656,10.6858025285491,0.9774572748327157,4,1,3.909829099330863,1,Técnico superior,Candidatos sin habilidades blandas o socioemocionales requeridas,NA,NA
3221,84,1193.8475333823956,4617.551268946525,0.003046733666440732,4,0.9186076954250302,1.3110901423716441,0.9579196234767416,Técnico superior,Candidatos sin habilidades blandas o socioemocionales requeridas,28,784.2022960218894
3222,2,19.08040925270144,19.08040925270144,0,0,0.7872550158488754,1,1,Sin exigencia de educación formal,NA,NA,NA
3240,16,198.3704981243204,365.8580431609683,0.06988670309748411,4,0.9692599442143006,0.46797163604197356,0.6450160707773901,Técnico superior,Candidatos sin competencias o habilidades técnicas requeridas,8,104.66699466647648
3251,15,286.63710391551666,509.367381225674,0,4,0.9600919248846257,0.8059785341789077,0.9082004637140643,Técnico superior,NA,6,411.6475750216896
3254,4,49.9698300362072,69.00994738155615,0,3,0.660698741523371,2.5593329600514534,0.7376579493354946,Educación media técnico profesional,NA,1,13.1091876830554
3255,1,1.59754822154648,4.79264466463944,0,0,1,0,1,Sin exigencia de educación formal,NA,1,5.34290126427455
3256,1,11.9538546864424,59.769273432211996,0,4,1,1,0,Técnico superior,NA,1,11.9538546864424
3257,54,2369.5551888746045,7408.816127724768,0.01635764277100806,4,0.912305999472822,1.3328130210316758,0.8837490118918254,Técnico superior,Remuneración ofrecida no aceptada,15,229.2338509995612
3312,6,56.27953021311417,74.82410300042987,0,4,0.8476720461050431,0.8663701496855386,0.050383302117947046,Técnico superior,NA,NA,NA
3313,76,5188.351525822357,5501.652588157397,7.522207514267292e-4,4,0.6436207680254078,3.443087789659018,0.3032343865502113,Técnico superior,Candidatos sin competencias o habilidades técnicas requeridas,14,371.2108602516183
3315,1,24.6602769010232,73.9808307030696,0,5,1,3,0,Profesional,NA,NA,NA
3321,5,17.4384561003467,125.36714148462127,0,5,0.5219680540143444,1.1057663848449464,1,Profesional,NA,4,101.01634689759453
3322,50,1521.2177210001137,4319.115569388235,0.1522920173244384,5,0.40174986626990417,2.3713166728109867,0.6446287574145454,Profesional,Candidatos sin competencias o habilidades técnicas requeridas,28,1883.1833599136332
3323,35,832.01894232920165,971.8727601982707,0.13083937472391532,4,0.5287266801826936,1.2181840145913128,0.7943266757728179,Técnico superior,Remuneración ofrecida no aceptada,11,134.29106350129797
3324,1,11.4287913093968,0,1,5,1,0,0,Profesional,Candidatos sin habilidades blandas o socioemocionales requeridas,NA,NA
3331,13,608.473634230713,801.6080204494525,0.4310942421791853,4,0.9011116420870315,1.0601355882888626,0.583675996776541,Técnico superior,Candidatos sin competencias o habilidades técnicas requeridas,7,309.70323868108403
3332,3,26.664598294099477,26.664598294099477,0,5,1,2.26297794599516,0.40578979106131036,Profesional,NA,NA,NA
3333,1,169.558766002071,2034.7051920248518,0,3,1,6,1,Educación media técnico profesional,NA,NA,NA
3334,27,285.9994102156164,698.9318442670389,0.029384153108754012,3,0.5359626405088012,1.094164192859784,0.7999250570301519,Educación media técnico profesional,Falta de oportunidades de desarrollo profesional,10,197.2970971991984
3339,8,77.09761181716388,231.29401258137412,0,4,0.7647159601405293,2.354903877245425,0.843488250800358,Técnico superior,NA,1,11.0666820846193
3341,13,829.9193647472571,2266.0907997851095,0.03042960088601983,5,0.6909467393619698,3.0185191504765014,0.4191786165876147,Profesional,Candidatos sin competencias o habilidades técnicas requeridas,5,621.7737319595742
3343,108,1721.697245661451,2665.347443963418,0.032159662874262196,4,0.3579596799877011,1.047219704005589,0.8190360663018502,Técnico superior,Falta de postulantes,21,629.6349274243078
3344,12,134.58294411267414,172.25556138735007,0.021046922634545103,4,0.3648914321116193,0.6826640776172905,0.7598665999070581,Técnico superior,Falta de postulantes,4,32.137062356639674
3353,1,14.2133793129833,14.2133793129833,0,5,1,1,1,Profesional,NA,NA,NA
3359,2,9.6575183407399,68.6575183407399,0,3,1,0,0,Educación media técnico profesional,NA,NA,NA
3411,2,155.4131831654277,15.9827479174487,0.8971596386360863,4,1,22.634671688629982,0.10284036136391374,Técnico superior,Remuneración ofrecida no aceptada,1,15.9827479174487
3412,5,168.17906028276377,1034.7704636018816,0,4,0.5006203178157898,1.912083924871799,1,Técnico superior,NA,3,11.95370367985116
3413,2,96.1014403019898,288.3043209059694,0,4,0.8128148553860848,2.4384445661582546,0.8128148553860848,Técnico superior,NA,1,78.1126783014563
3421,4,27.482956692816508,190.04509939036103,0,2,0.6341703922740769,1.6327904823676984,0.44053020308099694,Educación media científico humanista,NA,NA,NA
3422,8,44.01122992562373,106.18873978024413,0,5,0.9533529685368818,0.9255666789578733,0.1993820390342011,Profesional,NA,NA,NA
3423,11,68.13408066723865,223.6695637200866,0,5,0.40769634496853263,0.9895155171569446,0.7885891986075764,Profesional,NA,5,29.83659387189725
3432,1,1,15,0,2,1,2,1,Educación media científico humanista,NA,NA,NA
3433,1,1,11,0,4,1,NA,0,Técnico superior,NA,1,3.54837053120246
3434,46,579.8673690072494,1839.5192500096673,0.0514185436939039,4,0.5871337701072654,2.1976670612960927,0.8259026390511366,Técnico superior,Candidatos sin habilidades blandas o socioemocionales requeridas,16,373.53635459829565
3439,4,59.30501547780236,273.29266432166617,0,4,0.5223626647344655,0.8275467604986227,0.3051840957641572,Técnico superior,NA,2,471.12372220759624
3511,11,93.96148365113444,212.98022519768745,0.10770062772312365,4,0.5868066827512395,0.8418582175374157,0.910468150751708,Técnico superior,Otra dificultad,7,40.18606382498538
3512,18,246.66233339277582,367.90329419769773,0.009936350809689867,4,0.47213876934209453,1.625180041157518,0.2909882887125394,Técnico superior,Candidatos sin competencias o habilidades técnicas requeridas,11,140.62041280573507
3513,14,92.51686758572717,177.2884167997844,0,4,0.8090694563886692,0.9801126425457984,0.7230380082032125,Técnico superior,NA,10,60.46748453064816
3521,14,397.77451337370456,590.2938054269109,0.007681739980654891,4,0.7098460416660681,0.6226010086753578,0.7243317802872925,Técnico superior,Falta de postulantes,2,9.02264139202723
3522,20,245.83798753382447,797.1106973686906,0.04893493501091804,4,0.9045311986133816,0.7257588498558487,0.6460093977494094,Técnico superior,Candidatos sin habilidades blandas o socioemocionales requeridas,7,31.21532877578899
3611,45,714.369612817941,1226.0314025204127,0.11704709893515233,4,0.7470043576881185,0.24823592145478066,0.9349363346727269,Técnico superior,Candidatos sin competencias o habilidades técnicas requeridas,21,192.60509986912524
3612,11,328.5989043816538,981.8937296973967,0,4,0.9354980373032186,0.914982838258675,1,Técnico superior,NA,7,375.95151827589007
4110,117,1178.0500392669449,3350.6840665142804,0.058348378163048595,4,0.4123210783401668,0.799504080051136,0.7344870085756148,Técnico superior,Falta de postulantes,34,1194.0216439165017
4120,35,2240.8182469525227,3012.3512727419816,0.10905677034866028,3,0.6316819613083579,2.389229343841745,0.2520268096652595,Educación media técnico profesional,Remuneración ofrecida no aceptada,6,44.8666304140345
4132,6,148.96071892520675,246.0544788913036,0,2,0.8409680952951698,0.018399710945604487,0.43170802454345325,Educación media científico humanista,NA,1,69.9059807061057
4211,3,17.68547808315408,20.174674409632722,0.14074803716217713,2,1,0.5629921486487085,1,Educación media científico humanista,Remuneración ofrecida no aceptada,NA,NA
4212,15,47.66219215620633,295.3112429383553,0,2,0.7612746602686329,0.719488900414215,0.7267332022503641,Educación media científico humanista,NA,2,3.1583466704331302
4214,7,310.6828620902489,719.6121959532242,0,4,0.9268444591408129,1.9350809667419888,0.964019901389121,Técnico superior,NA,1,258.86641647549
4221,19,75.84037923371854,833.0458188119371,0.03163891123952374,4,0.3574094889283475,1.2496352628470382,0.7403567755290037,Técnico superior,Candidatos sin habilidades blandas o socioemocionales requeridas,11,60.5958171124217
4222,22,771.9816453000792,15850.00512551483,0,2,0.38713482744378025,1.0202350746307722,0.48415789621910854,Educación media científico humanista,NA,7,98.83025832933994
4223,6,89.20844792687664,252.87698734634543,0,2,1,0.17592295549499087,1,Educación media científico humanista,NA,1,7.76553992713581
4224,40,312.137119019195,639.4391664349071,0.05222736803545563,2,0.585827160853312,1.1321802689033806,0.48934325592892247,Educación media científico humanista,Remuneración ofrecida no aceptada,30,219.38684438721293
4225,14,268.58591388790137,21797.346831701696,0,4,0.519267734127691,1.0689564924745858,0.8945347172022154,Técnico superior,NA,11,654.2810221559783
4226,63,1515.9399385386148,3767.9589061596143,0,2,0.4538135203078378,1.2279205336220176,0.5284744314085801,Educación media científico humanista,NA,19,479.993315287757
4311,32,510.28672916111856,549.8532553268972,0.008965438358297618,5,0.6418160026739951,2.1440584416237267,0.11557572825375914,Profesional,Otra dificultad,13,635.8974648792986
4312,3,35.4410168283246,47.2546891044328,0,5,1,0.3333333333333333,1,Profesional,NA,NA,NA
4313,19,348.50258788259424,1431.327541516424,0,4,0.6732833410298481,2.775141841881904,0.8294242067862149,Técnico superior,NA,3,39.08924020461494
4321,254,5516.508089346092,16489.74480694999,0.1686608470150804,2,0.41088863303706413,1.0677884075277206,0.3407540082103658,Educación media científico humanista,Remuneración ofrecida no aceptada,82,1405.9307209779113
4322,10,35.78394524644235,242.1927243181853,0,3,0.5314033195600529,1.0252586212911239,0.60198854786097,Educación media técnico profesional,NA,NA,NA
4323,52,303.0477569729904,871.6501707303048,0.019615124605970098,2,0.25730241815940147,0.6206742092568991,0.7972700484775076,Educación media científico humanista,Condiciones laborales (horario y/o jornada) no aceptadas,26,155.8992243459204
4411,1,36.5300984902798,36.5300984902798,0,3,1,0,1,Educación media técnico profesional,NA,NA,NA
4415,1,5.81496886942004,5.81496886942004,0,0,1,1,1,Sin exigencia de educación formal,NA,NA,NA
4416,53,1028.1030056335653,2110.682788553811,0.05522959936298293,3,0.3860923399773073,1.6333474628509617,0.7054149786406761,Educación media técnico profesional,Candidatos sin habilidades blandas o socioemocionales requeridas,12,563.8160440199983
5112,12,56.713720741728636,372.45769464436626,0,2,0.6427216548062018,0.457591288754717,0.7495843663781278,Educación media científico humanista,NA,10,31.4881814116572
5113,7,33.03783290903738,241.98301328189336,0,0,0.5372491505443553,1.877621250419079,0.9547519757653931,Sin exigencia de educación formal,NA,5,22.56351349388321
5120,132,1723.3693104687634,5057.695938597212,0.01580666231426667,3,0.35252992675474387,2.417521909485857,0.7387387065602188,Educación media técnico profesional,Candidatos sin competencias o habilidades técnicas requeridas,54,605.5897020587311
5131,283,3392.4345153330496,15010.118268966706,0.014037130805425964,2,0.41257218316983824,0.7173999267323702,0.37475827861355115,Educación media científico humanista,Candidatos sin habilidades blandas o socioemocionales requeridas,201,2098.418329531745
5132,78,881.4743836769683,2495.9728575723807,0.023800821516904682,2,0.4258661415952815,1.3157656399660045,0.45551430302523244,Educación media científico humanista,Candidatos sin competencias o habilidades técnicas requeridas,40,295.1585231562666
5142,2,10.6858025285491,10.6858025285491,0,5,1,0,1,Profesional,NA,NA,NA
5151,24,463.5247687528547,2930.9515028397504,0.06947289947318501,0,0.3946342848767547,1.4434082411606863,0.8597258553424557,Sin exigencia de educación formal,Otra dificultad,11,62.71567371778012
5153,22,1590.0347399002303,3514.673618202839,0.16280550982913305,2,0.7649304595716626,1.1861293302257254,0.8310300187528423,Educación media científico humanista,Candidatos sin competencias o habilidades técnicas requeridas,7,378.1309864197783
5162,1,8.1432035691453,114.0048499680342,0,4,1,1,0,Técnico superior,NA,NA,NA
5164,9,639.1522430701091,711.2217284112688,0,0,0.9750750663703286,0.21254079655764097,0.01901021419449319,Sin exigencia de educación formal,NA,NA,NA
5165,1,11.6878087424019,11.6878087424019,0,5,1,2,1,Profesional,NA,1,5.03215123785774
5221,1,4.52723425516123,4.52723425516123,0,0,1,0,1,Sin exigencia de educación formal,NA,1,13.1091876830554
5222,29,210.85300448192027,290.2702349885753,0,4,0.3140674596902996,1.4969041248794512,0.4356291878473485,Técnico superior,NA,12,98.82643764633941
5223,294,5072.158526001517,16509.725169278594,0.054310768455093424,2,0.6285323987224266,0.8049747818655415,0.44718916732324826,Educación media científico humanista,Candidatos sin habilidades blandas o socioemocionales requeridas,151,2813.7391695537676
5230,147,1465.9952482129022,4022.2361139829745,0.03308569137026527,2,0.5645510839270895,0.4088662833802849,0.32074411556247745,Educación media científico humanista,Candidatos sin habilidades blandas o socioemocionales requeridas,53,371.8591354417924
5242,2,147.2254227874138,1472.254227874138,0,3,0.9470540658545747,0,0,Educación media técnico profesional,NA,1,1
5243,19,146.61412248537818,1560.2236169591743,0,2,0.6605511537003411,0.9159151648531902,0.494950585229147,Educación media científico humanista,NA,7,32.267094876059275
5244,7,56.584346270631755,147.75185711331173,0,5,0.4224659757221186,1.3736468431680635,0.8080128236602983,Profesional,NA,1,2.4509234761273
5245,59,598.0054933198965,2867.8309599584295,0.009433292713937768,2,0.5035846560755513,0.1305952713068575,0.49230677394986533,Educación media científico humanista,Candidatos sin habilidades blandas o socioemocionales requeridas,23,274.40635406543277
5246,32,222.92630912069876,1160.2332929220586,0.10210174288560461,2,0.45784230739910414,0.29651119118354863,0.5001677615344349,Educación media científico humanista,Candidatos sin nivel educacional requerido,7,95.87804797639555
5249,2,4.97839265295728,7.46758897943592,0.5,2,1,2,1,Educación media científico humanista,Remuneración ofrecida no aceptada,5,28.70507043493735
5311,3,42.33518600673647,42.33518600673647,0,1,0.5289120744795665,0.27070700190333713,0.664265575431235,Educación básica,NA,1,5.73021563945187
5312,112,1305.4561683068957,2750.3305812805656,0.016169601981788927,4,0.45816404652941833,0.6968374833191352,0.9127648796956797,Técnico superior,Candidatos sin competencias o habilidades técnicas requeridas,18,164.75050237099651
5321,13,88.0464730378877,764.1084161477659,0,2,0.6884672181377279,0.7130252903942829,0.8038654373108758,Educación media científico humanista,NA,7,55.49545662032863
5322,3,155.59355828274997,16807.124943667062,0,2,1,0.10388041261578942,0.9304584207089505,Educación media científico humanista,NA,1,139.430435247979
5411,8,91.16582574628809,22351.77938859372,0,2,0.6807330658431514,3.060213499871834,0.47593947386085117,Educación media científico humanista,NA,8,145.81823431440515
5414,168,2017.5557821233901,27817.37646113719,0.10408006727242684,2,0.5804433146908726,0.8077112325593929,0.9317857540852521,Educación media científico humanista,Candidatos sin competencias o habilidades técnicas requeridas,79,1205.183359429306
5419,11,1681.1294541755435,10079.991192962849,0,2,0.4974946748529157,1.9768560563839686,0.9963483108688983,Educación media científico humanista,NA,4,18.1328255314451
6111,16,827.9663597309476,3292.5035730298628,0,0,0.6871494721019271,0.5257719309392478,0.25437533154276554,Sin exigencia de educación formal,NA,4,66.4561204695031
6112,30,1075.413265578521,7050.102278535679,0.12473190132663908,4,0.2782647581349904,1.414940951421396,0.4031981370659063,Técnico superior,Candidatos sin la experiencia laboral mínima requerida,15,735.0688359415954
6113,25,733.0598131640706,11325.904831667125,0.06846836018953727,0,0.48389107400666115,0.3158294439543146,0.21745175968481387,Sin exigencia de educación formal,Otra dificultad,7,430.5364666981717
6114,5,148.7736389341508,3679.119758376485,0,0,0.8112295003471973,0.3023946540057103,0.70076422392081406,Sin exigencia de educación formal,NA,2,18.4343211498199
6121,26,365.34391601215924,1925.470189128684,0,0,0.6487935557176067,0.7464524509383212,0.17299278525275927,Sin exigencia de educación formal,NA,12,146.44805161470967
6122,2,11.5531764673909,15.38941369887039,0,0,0.6679495684751847,0.33205043152481534,0.33205043152481534,Sin exigencia de educación formal,NA,NA,NA
6123,1,8.08177884659017,40.40889423295085,0,1,1,0,0,Educación básica,NA,1,8.08177884659017
6130,1,4.99016341597905,214.57702688709915,0,3,1,0,1,Educación media técnico profesional,NA,NA,NA
6210,12,200.01384065891781,2301.434986981403,0,0,0.5921823202140353,2.910263056271584,0.7641437869882537,Sin exigencia de educación formal,NA,6,87.65358725266961
6221,8,31.971615836559952,199.6740598557144,0,0,0.7687911174089773,0.2937643696275263,0.8626243479637328,Sin exigencia de educación formal,NA,2,9.67695506513778
6222,5,21.962024870466692,248.1848331558977,0,0,0.6022210993389494,0.2007403664463165,0.401480732892633,Sin exigencia de educación formal,NA,2,8.8173298408012
6223,2,31.216112734101298,840.740779617608,0,0,1,0.3438707685666307,1,Sin exigencia de educación formal,NA,1,3.65251125831881
7111,3,22.149362080689777,131.62628721054574,0,0,0.6370019882132881,1.2695861438564466,0.4081460389107897,Sin exigencia de educación formal,NA,NA,NA
7112,56,1858.4961899042992,156241.23242714655,0.01511351246596049,0,0.7418342840037848,0.8468430392373003,0.3172752927540296,Sin exigencia de educación formal,Candidatos sin competencias o habilidades técnicas requeridas,21,511.9452913913894
7113,1,815.917781369119,0,1,0,1,0,1,Sin exigencia de educación formal,Candidatos sin la experiencia laboral mínima requerida,NA,NA
7114,14,169.93775559283375,2105.019705866828,0,0,0.8371816363597567,1.377083992564444,0.44117733623289,Sin exigencia de educación formal,NA,4,101.35719049311216
7115,109,3703.84257699763,216071.79013662628,0.014425538206363471,0,0.787452164368164,1.484041763692475,0.5242290169892142,Sin exigencia de educación formal,Falta de postulantes,55,1514.6796436643367
7119,25,3493.27487795411,54622.66857770605,0,2,0.4881169452078772,3.093154897747672,0.2756851353137916,Educación media científico humanista,NA,4,55.15774366570625
7122,5,52.96825452760041,305.2925493699392,0,0,1,1.03143884210039,0.9811207673554936,Sin exigencia de educación formal,NA,5,75.3320721699729
7123,1,6.00511406216661,12.01022812433322,0,1,1,2.9999999999999996,0,Educación básica,NA,NA,NA
7124,1,24.1475770966248,120.737885483124,0,3,1,2,1,Educación media técnico profesional,NA,1,6.47466010089871
7125,10,617.8156262956935,1121.061484508938,0.01895669217829728,2,0.9040510627389481,2.711200346221312,0.8954956976294033,Educación media científico humanista,Falta de postulantes,7,71.17773348344129
7126,47,789.0865515392875,2633.410203610715,0.09035780724637596,0,0.42340977838046845,1.1776367451034213,0.6422430973697419,Sin exigencia de educación formal,Candidatos sin nivel educacional requerido,25,330.7282907517162
7127,10,416.47458380086306,1158.6065785024991,0.0230986490716054,4,0.5925363424411234,2.057275740045018,1,Técnico superior,Falta de postulantes,4,72.7934986734716
7131,19,389.37044957430635,3932.7519421139727,0,0,0.7207006406331616,1.806996179183394,0.7118884536431792,Sin exigencia de educación formal,NA,7,119.32132652828642
7132,10,112.93287866299242,414.96601131146735,0.20239971644576454,3,0.3918253197286964,1.1695177832907135,0.6148548343986648,Educación media técnico profesional,Candidatos sin competencias o habilidades técnicas requeridas,3,8.71602069613015
7211,1,17.4343211498199,17.4343211498199,0,0,1,0,0,Sin exigencia de educación formal,NA,NA,NA
7212,146,2683.0949550803816,13734.957189490373,0.005609879263107231,3,0.5723901493793208,2.130810033053046,0.6485263251380718,Educación media técnico profesional,Candidatos sin competencias o habilidades técnicas requeridas,69,1495.5728996466016
7213,15,207.1801918737769,1796.0501468776852,0.03703285721268847,5,0.4044876145379824,1.2703558446538454,0.6235824733705279,Profesional,Candidatos sin competencias o habilidades técnicas requeridas,5,320.2318952813617
7214,26,1183.0149102905611,8129.243096177226,0,3,0.41151336147274875,0.36018370175627035,0.16350035747427866,Educación media técnico profesional,NA,10,100.72360711394329
7215,5,33.79861064702598,106.27769590031222,0.1239224171641247,2,0.9277582680665201,3.3774891539146217,0.8760775828358753,Educación media científico humanista,Candidatos sin competencias o habilidades técnicas requeridas,1,3.83623723147949
7221,1,5.07787761974289,5.07787761974289,0,3,1,2,1,Educación media técnico profesional,NA,1,231.669315520792
7223,22,666.5385389780037,2528.839321879781,0.08693356039146115,3,0.8991081488365364,1.5942634272073457,0.5272553406752956,Educación media técnico profesional,Falta de postulantes,13,203.7288192063331
7224,1,16.8017324042206,33.6034648084412,0,3,1,0,1,Educación media técnico profesional,NA,1,8.91560005738092
7231,78,1170.756461053441,3553.440874761602,0.4014587745067935,4,0.6972557894027398,0.7358880354424483,0.9298510017158989,Técnico superior,Falta de postulantes,37,990.6229296159285
7232,2,5.03215542100662,70.4076428357196,0,5,1,2.4058622840277915,1,Profesional,NA,1,1.49489666412702
7233,106,2615.11009488687,12160.143809447427,0.024597111456078298,3,0.4675190854843062,2.375618042451619,0.9357695666642893,Educación media técnico profesional,Remuneración ofrecida no aceptada,50,1415.7384283531344
7316,2,22.40348769511928,22.40348769511928,0,3,0.6411195208955802,0.3588804791044197,1,Educación media técnico profesional,NA,NA,NA
7318,1,3.39212157220047,20.35272943320282,0,0,1,0,0,Sin exigencia de educación formal,NA,NA,NA
7322,3,27.222073873,32.70374221394648,0,5,0.6024324572935009,0.30205275872001597,0.2968832897998271,Profesional,NA,NA,NA
7323,1,6.47466010089871,6.47466010089871,0,0,1,0,0,Sin exigencia de educación formal,NA,NA,NA
7411,48,1562.0208462748258,12955.983153011204,0.03340964950148758,3,0.8087766596425789,0.4035338794379987,0.3838199603918919,Educación media técnico profesional,Candidatos sin competencias o habilidades técnicas requeridas,22,3114.904382402169
7412,54,1068.9191496108558,3142.7582038649352,0.5847904309926958,3,0.5280944151421353,1.3770780281217077,0.9686165855979033,Educación media técnico profesional,Falta de postulantes,24,1170.4100790966233
7413,20,236.70521419631814,2108.748241245142,0.004224664012557923,3,0.617396681001752,1.0637821846450028,0.9625649774003261,Educación media técnico profesional,Candidatos sin competencias o habilidades técnicas requeridas,5,27.62486155862535
7421,6,29.2253534487849,116.42866687680431,0.09968861270587479,5,0.49146756505975064,1.5108631045370864,0.8001940756848038,Profesional,Falta de postulantes,3,15.34404793920817
7422,38,519.6763599712114,4049.01711293004,0.16125771354153554,3,0.4400990178413053,1.224201580657619,0.9731412962824034,Educación media técnico profesional,Candidatos sin competencias o habilidades técnicas requeridas,16,196.14745759719293
7511,31,243.47585920464635,7831.366711596655,0.04694014160882649,0,0.49182878240041344,0.7640689865263552,0.396184005587536,Sin exigencia de educación formal,Candidatos sin competencias o habilidades técnicas requeridas,16,90.8781295230077
7512,79,1008.8227378937501,1784.3901916825412,0.06271291104739433,2,0.45996574229651815,0.9987182522293947,0.6309890246891133,Educación media científico humanista,Candidatos sin la experiencia laboral mínima requerida,35,290.57418362110457
7513,10,61.54362819271758,150.79118249830483,0.07861865922850196,0,0.5492790221644371,0,0.7245404250698765,Sin exigencia de educación formal,Candidatos sin competencias o habilidades técnicas requeridas,1,4.83847753256889
7514,2,6.54096681066535,26.8859915480925,0,2,0.5779199520091237,0,0,Educación media científico humanista,NA,NA,NA
7515,34,279.6007071369786,1399.431408995115,0.11649142137145514,0,0.3254468242075895,1.1016367517536774,0.39485475482302956,Sin exigencia de educación formal,Candidatos sin la experiencia laboral mínima requerida,16,119.68501371950833
7516,1,3.67100582805091,3.67100582805091,0,4,1,0,0,Técnico superior,NA,NA,NA
7521,5,57.75250216781508,397.60150054965715,0,2,0.5698557487661696,0.017315267087376355,1,Educación media científico humanista,NA,8,51.22271622079133
7522,8,52.61437127331386,248.96120487682114,0.13145758876466546,0,0.6193863847391211,1.255389845418694,0.28427086397930945,Sin exigencia de educación formal,Candidatos sin competencias o habilidades técnicas requeridas,4,20.84425668414507
7523,1,13.1091876830554,13.1091876830554,0,0,1,2,0,Sin exigencia de educación formal,NA,2,22.87415332121411
7531,2,12.27018437475875,24.5403687495175,0,2,1,0.6586517854789016,0.3413482145210985,Educación media científico humanista,NA,4,42.67429908719605
7541,19,227.37631280054862,2328.098026968436,0,2,0.492712352182758,1.482660503474149,1,Educación media científico humanista,NA,9,107.7702483476654
7542,1,4.16172064943489,8.32344129886978,0,2,1,3,1,Educación media científico humanista,NA,NA,NA
7543,12,562.2804855938714,348.644421214196,0.8412122696932958,4,0.8661537541786498,1.211860280210855,0.9805737610954568,Técnico superior,Falta de oportunidades de desarrollo profesional,4,11.343402646742401
7544,13,163.52369525573914,387.54358668253803,0.09773964496370295,3,0.37988583326364855,0.34143828184860536,0.8906657288073472,Educación media técnico profesional,Condiciones laborales (horario y/o jornada) no aceptadas,7,84.19182821865212
7549,2,2.53658687525836,21.3658687525836,0,4,0.6057694653575993,2,0.3942305346424008,Técnico superior,NA,3,11.480457256352349
8111,15,59.94637264986427,513.2898020632264,0,2,0.6111284242307043,3.632049175639558,0.9391821325361409,Educación media científico humanista,NA,12,57.07856865742282
8112,20,117.27988254981103,1425.650724568615,0.17980042444411687,2,0.647555186783312,2.145863396528353,0.618476870133879,Educación media científico humanista,Candidatos sin competencias o habilidades técnicas requeridas,3,28.1975967226964
8113,37,419.0383135484283,7288.410037698876,0,2,0.5683748991496851,2.5680725328357257,0.7193831623247713,Educación media científico humanista,NA,23,295.8201256286613
8114,5,36.10433488210178,378.99717995817826,0,0,0.7125382643141914,18.6797185998466,1,Sin exigencia de educación formal,NA,2,2.9919266240501203
8121,4,27.74979635507847,136.18465966113948,0,3,0.7598964832530416,1.5918655674869542,1,Educación media técnico profesional,NA,1,21.0869726612122
8131,3,26.73705056731304,54.01722548186552,0,3,0.699287160437069,2.7177475798129143,1,Educación media técnico profesional,NA,5,633.0302220888201
8141,2,10.6150078493714,27.80411927619034,0,2,1,2,1,Educación media científico humanista,NA,NA,NA
8142,11,744.4326304758323,5346.200746061106,0,3,0.9395507446628145,1.708528636606554,0.9246814330857638,Educación media técnico profesional,NA,6,52.10597922443087
8143,1,12.7070854301968,12.7070854301968,0,0,1,1,1,Sin exigencia de educación formal,NA,NA,NA
8151,1,6.0979201785786,12.1958403571572,0,0,1,NA,0,Sin exigencia de educación formal,NA,NA,NA
8152,3,29.16225743234758,254.80062072179734,0,0,0.7415618555720305,0.516876288855939,0,Sin exigencia de educación formal,NA,1,3.67100582805091
8153,7,105.48839203087735,543.4695223036473,0,2,0.7212766390073827,0.6174983187917289,0.2074677070061228,Educación media científico humanista,NA,3,12.047816884388071
8157,9,66.24607384832522,1186.014454026954,0,0,0.7245603751918479,0.12708680709500528,0.5455983941595469,Sin exigencia de educación formal,NA,8,61.82918522620384
8159,2,2.87098123377472,157.3549061688736,0,3,0.6516870301220269,0,0.6516870301220269,Educación media técnico profesional,NA,NA,NA
8160,25,601.7868977230069,5159.9636405359615,0.00610017572988207,0,0.8968215414018439,0.11925111172371397,0.09499330671662674,Sin exigencia de educación formal,"Candidatos sin licencias, certificaciones o requisitos legales",13,1099.7818575128042
8172,21,181.82724581331132,1155.4957875252755,0.036454706535580875,0,0.41780147963066294,1.2201282105588922,0.5595684250073422,Sin exigencia de educación formal,Candidatos sin competencias o habilidades técnicas requeridas,8,76.55254076579432
8181,2,30.92031138824479,30.92031138824479,0,2,0.8759314813065582,0.12406851869344179,0.12406851869344179,Educación media científico humanista,NA,NA,NA
8182,6,30.9112275066398,240.70846979066732,0,0,0.6424085251810092,0.9613662781021284,0.5670512932460635,Sin exigencia de educación formal,NA,3,19.85763607407512
8183,17,1129.047910896251,1978.0977606830552,0,2,0.9375223864648482,0.9555740350716443,0.05911987026329519,Educación media científico humanista,NA,7,44.53687907650278
8189,8,44.62304848755146,977.106600962897,0,3,0.5910026998642802,1.1316042834723772,0.930487232801827,Educación media técnico profesional,NA,4,11.60704169493707
8212,2,31.4718215270423,288.71226031313,0,0,1,0,0.4037607235182807,Sin exigencia de educación formal,NA,NA,NA
8219,1,2.0096822241167,2.0096822241167,0,0,1,0,0,Sin exigencia de educación formal,NA,NA,NA
8311,2,12.66173010519366,170.93335642011442,0,2,0.5,1.5,1,Educación media científico humanista,NA,2,13.511331943190271
8321,6,71.85123570371874,720.7799747631001,0.04054815359281889,2,0.7759867787324933,0,1,Educación media científico humanista,Candidatos sin habilidades blandas o socioemocionales requeridas,3,19.18307489990044
8322,127,1391.5834993296437,3938.1498734030647,0.012641664667852126,2,0.6074054306894854,1.1280885830412404,0.9949633724646004,Educación media científico humanista,Falta de postulantes,62,892.2630240011281
8331,75,472.2784927186182,3197.7106759687185,0.07646567519671985,2,0.6136066723645142,2.6787782313083475,1,Educación media científico humanista,Otra dificultad,51,319.81173217487043
8332,279,2903.8776510693656,12610.108921406989,0.039549507924994,2,0.657677777639434,2.089311196485564,0.9972842424318421,Educación media científico humanista,"Candidatos sin licencias, certificaciones o requisitos legales",129,1043.3892481114226
8341,61,1715.530469610495,9190.078013255568,0.011737301685476946,2,0.5603820591225145,0.8002064934230505,0.9860919338301735,Educación media científico humanista,Falta de postulantes,20,571.6878294625984
8342,104,966.430999670977,5699.357531225827,0.08469110110470353,2,0.5287424239879461,2.221643316804387,0.9882446902793953,Educación media científico humanista,Falta de postulantes,39,371.0590994765571
8343,40,544.2699682726338,1078.3632942315785,0,2,0.6185994608495776,0.9343348166897314,0.9735967052146123,Educación media científico humanista,NA,20,143.29956019740493
8344,50,527.9995682801498,2444.718153167859,0.008768874222985447,2,0.6799100484730344,1.0676484712992762,0.9805108403452709,Educación media científico humanista,Condiciones laborales (horario y/o jornada) no aceptadas,9,75.68275357280636
8350,37,297.26195312204544,860.4225188726452,0.017252997968071247,0,0.38324218636600693,2.188748038902429,0.9724251575040969,Sin exigencia de educación formal,Falta de postulantes,16,192.46769338985456
9111,1,22.3915910543013,44.7831821086026,0,0,1,0,0,Sin exigencia de educación formal,NA,NA,NA
9112,390,6488.775831881443,84378.02255115593,0.0219879600261768,0,0.45550916292564175,0.365666571800965,0.5326072080304188,Sin exigencia de educación formal,Ubicación geográfica,127,1984.0397743839605
9121,7,21.3202957553503,39.14452006180869,0,0,1,0,0.5548305793337032,Sin exigencia de educación formal,NA,NA,NA
9122,4,348.88941101001717,8930.787653232912,0,2,0.9719914715164726,0.9719914715164726,0.9918563988809701,Educación media científico humanista,NA,4,178.9780071840901
9123,1,462.07424844616,462.07424844616,0,0,1,0,0,Sin exigencia de educación formal,NA,NA,NA
9129,10,74.56857223037527,696.6783285252795,0,2,0.783712491066063,0.8618924735239544,0.7817860865545275,Educación media científico humanista,NA,8,26.48318414751109
9211,188,3717.4857970540766,279643.51821515395,0.018716998824280556,0,0.8200954858087857,0.29624634577930875,0.28009996152157224,Sin exigencia de educación formal,Falta de postulantes,101,2055.9348439801965
9212,6,402.1762469290349,518.6266867829563,0,0,0.7930886631153224,0.013287479252864397,0.07033106807001571,Sin exigencia de educación formal,NA,3,38.09648349963706
9213,3,35.889247033883684,456.4146116966177,0,0,0.8931090076128477,0.10689099238715231,0.10689099238715231,Sin exigencia de educación formal,NA,2,38.405195769932604
9214,7,149.3913348949357,740.9979085961187,0,2,0.42339032188182474,3.0823069334844915,0.42339032188182474,Educación media científico humanista,NA,2,13.79162567277754
9215,16,284.6113485988695,3570.0088763979347,0,0,0.7213061058591033,0.6065203086124765,0.2541592453710093,Sin exigencia de educación formal,NA,4,63.498411415781504
9216,11,183.9979222364863,2179.848711161885,0,0,0.9183406714982086,0.2679997056205615,0.33155855237954884,Sin exigencia de educación formal,NA,13,89.85319134698055
9311,14,63.826630253202666,351.2507205658642,0,2,0.36696027010946103,1.6767783241985263,0.7031147893586012,Educación media científico humanista,NA,2,10.82869456824931
9312,19,373.9813157339021,4929.0852480253725,0,0,0.7835304475455731,0.6821776962696168,0.6368335099195299,Sin exigencia de educación formal,NA,7,75.4875958655312
9313,149,4927.607380869063,74209.52620720591,0.01570462915387956,0,0.630374111722995,0.484680209083837,0.7865703884908275,Sin exigencia de educación formal,Otra dificultad,57,1292.6305689647825
9321,23,148.92030433686733,3570.5276623831933,0,0,0.7258420769326389,0.12034709925954754,0.319464971896514,Sin exigencia de educación formal,NA,12,51.78890225654038
9329,67,781.6416308689044,8712.479220341751,0.02377452522048653,2,0.5771354034133037,0.14560342444497154,0.31704395645315003,Educación media científico humanista,Falta de postulantes,16,604.0789372471534
9333,131,2536.7224720940394,27800.05833667459,0.020514077653499642,2,0.7749395420025714,1.0848245169906072,0.7584552858047383,Educación media científico humanista,Otra dificultad,68,1455.0823850852246
9334,36,435.7981716653635,1712.5335979266088,0,2,0.6123762647548224,0.18604952571824374,0.25236558956573646,Educación media científico humanista,NA,26,235.25479466978294
9411,24,397.8181497437414,4412.183244599437,0.012162535911661256,0,0.4683180318125652,0.5156804940845027,0.7483333326011962,Sin exigencia de educación formal,Candidatos sin competencias o habilidades técnicas requeridas,17,344.1767416275338
9412,261,2609.175958160064,11579.284794771394,0.02779210411186185,0,0.3384219958253536,0.4929694500941895,0.42742950330953305,Sin exigencia de educación formal,Candidatos sin competencias o habilidades técnicas requeridas,143,2264.56378459327
9510,2,17.392464814419718,34.784929628839436,0,0,1,0,0.6792408322892647,Sin exigencia de educación formal,NA,NA,NA
9611,14,54.85475856642544,230.4283108549529,0,0,0.4138520293253838,0.8667050288739988,0.47109648569235446,Sin exigencia de educación formal,NA,3,9.18207977363285
9612,18,106.97459664466601,656.9613651676796,0.28809303505610745,0,0.5281436469255252,0.38850816319611814,0.5266611872691422,Sin exigencia de educación formal,Otra dificultad,10,57.01477029555855
9613,5,53.073015770172304,1492.1460315403447,0,2,0.9434740996631656,0.4978252435225997,0.4978252435225997,Educación media científico humanista,NA,NA,NA
9621,3,149.78340109857282,149.78340109857282,0,2,1,9.308804194946774,0.03417774012740941,Educación media científico humanista,NA,1,3.67100582805091
9622,26,539.7876083120691,1421.282942578091,0.011372921610750616,3,0.5022615949446109,0.7418847156116625,0.32758064070938414,Educación media técnico profesional,Remuneración ofrecida no aceptada,4,51.52347449569422
9623,8,191.93292601049004,214.69490221385723,0.04767232293537043,2,0.8712098752423565,2.438429935191079,0.8628387451623101,Educación media científico humanista,Remuneración ofrecida no aceptada,1,4.57494421535132
9629,9,284.4215724090106,572.3583774601485,0,0,0.8939627038552767,0,0.09543268667231472,Sin exigencia de educación formal,NA,2,5.79786039697569
