gran_grupo,gran_grupo_nombre,anio,n_muestra,personas_estimadas,ingreso_trabajo_prom,horas_semanales_prom,tasa_formalidad,pct_mujeres
5,Trabajadores de los servicios y vendedores de comercios y mercados,2020,14447,1646087,424484.3182045033,NA,0.6834448753263833,0.5542550302626775
2,"Profesionales, científicos e intelectuales",2020,11489,1563566,1427875.3162062299,NA,0.8998088228543647,0.46606667067459895
9,Ocupaciones elementales,2020,13582,1328249,316490.0723336746,NA,0.6092870664024937,0.455436443016332
7,Artesanos y operarios de oficios,2020,9095,1017129,435728.7874597148,NA,0.5421795851089491,0.1445362387661742
3,Técnicos y profesionales de nivel medio,2020,7290,875633,712533.4574497343,NA,0.895257036520121,0.533266790995771
8,"Operadores de instalaciones, máquinas y ensambladores",2020,5528,623713,517197.21012656466,NA,0.745572128856136,0.08077433050136842
4,Personal de apoyo administrativo,2020,3765,466552,526228.6528478756,NA,0.9037813930065031,0.5213823968175038
1,"Directores, gerentes y administradores",2020,1952,258491,2228163.5746183977,NA,0.9373168298310158,0.33007338746803566
NA,NA,2020,1667,173506,568168.7792483188,NA,0.670621656743933,0.32918169976830775
6,"Agricultores y trabajadores calificados agropecuarios, forestales y pesqueros",2020,1484,107094,398393.00685782224,NA,0.4643104380233473,0.1276075223635311
0,Ocupaciones de las fuerzas armadas,2020,277,25346,1002677.0145656673,NA,0.7687432240847302,0.03988795076146137
5,Trabajadores de los servicios y vendedores de comercios y mercados,2022,17857,1871049,500596.7433774752,39.213255552698186,0.6170943122783971,0.5767972939244242
2,"Profesionales, científicos e intelectuales",2022,12135,1701941,1506567.4320618564,41.309869907105295,0.8454690817987157,0.49466579628788543
9,Ocupaciones elementales,2022,15130,1373196,411086.3343278005,39.09192495585031,0.5915703164383018,0.5090118235124483
7,Artesanos y operarios de oficios,2022,12654,1262130,552700.8620707134,40.578451286307455,0.546566837544625,0.1585438900905612
3,Técnicos y profesionales de nivel medio,2022,8849,1038164,862445.4930063506,42.51036964624414,0.8402964802669874,0.539705672706817
8,"Operadores de instalaciones, máquinas y ensambladores",2022,8194,816076,645031.6789186622,45.369023634467524,0.7170927621350838,0.09155642366642322
4,Personal de apoyo administrativo,2022,4007,476485,676999.119874689,43.40385336642801,0.8707926535685424,0.49973661290491833
1,"Directores, gerentes y administradores",2022,2711,368946,2309125.4893486,44.50758199355155,0.9191334955084735,0.3370818493763315
6,"Agricultores y trabajadores calificados agropecuarios, forestales y pesqueros",2022,3881,255782,489040.93373489095,40.80926086169078,0.43610408185719,0.14985808227318576
0,Ocupaciones de las fuerzas armadas,2022,252,22354,1332852.554763506,47.60297102786492,0.8851065743322242,0.047508275923772034
5,Trabajadores de los servicios y vendedores de comercios y mercados,2024,19856,1926555,580295.7167352181,38.814342306470266,0.6553023361391438,0.5738694197674087
2,"Profesionales, científicos e intelectuales",2024,15518,1894616,1700545.5452349533,40.697749546817555,0.8640951526488189,0.5059605745966465
9,Ocupaciones elementales,2024,15622,1327557,474494.79799703206,38.477070521403014,0.6294598671500781,0.5352372817137042
7,Artesanos y operarios de oficios,2024,13409,1261661,633138.4276253517,40.710579053095664,0.5857819204847095,0.1570390144420728
3,Técnicos y profesionales de nivel medio,2024,10184,1062830,1001531.2438754113,41.79816616094301,0.8599068535631624,0.5474280929217279
8,"Operadores de instalaciones, máquinas y ensambladores",2024,8835,821800,761197.3466042068,45.574292058538596,0.7466592454801556,0.09405208079824774
4,Personal de apoyo administrativo,2024,4506,483501,759956.3469928431,42.33035734644509,0.8899224967058507,0.4761127691566305
1,"Directores, gerentes y administradores",2024,3304,403595,2539701.4292097,43.505211203964386,0.9178075396825397,0.35401826088033794
6,"Agricultores y trabajadores calificados agropecuarios, forestales y pesqueros",2024,3896,263630,570010.035768681,41.07343883874884,0.49039173472758546,0.13933163903956303
0,Ocupaciones de las fuerzas armadas,2024,288,20362,1340599.8254100776,48.476688539148455,0.9538846871623613,0.06521952656909931
5,Trabajadores de los servicios y vendedores de comercios y mercados,2015,22472,1710769,397066.4211668235,42.36013121532022,0.6123388920850581,0.5932829037701759
9,Ocupaciones elementales,2015,23873,1581170,276322.0470854367,40.871161492152524,0.5716162324360398,0.4688819039066008
7,Artesanos y operarios de oficios,2015,15754,1173158,395113.6389433582,43.687396673251726,0.49108133792240916,0.11738487058009237
2,"Profesionales, científicos e intelectuales",2015,12114,1084007,1086736.1846285048,41.173916854021726,0.8258338807186227,0.4808732784935891
3,Técnicos y profesionales de nivel medio,2015,8972,724844,696604.2928966042,44.66941311840003,0.8432689891376525,0.43381472427170537
8,"Operadores de instalaciones, máquinas y ensambladores",2015,9669,677231,463474.69774869655,48.64748459784451,0.6112357040823863,0.07795419878889183
4,Personal de apoyo administrativo,2015,7188,615862,462676.13851319655,44.025163104721514,0.830313105446189,0.5785208374603401
6,"Agricultores y trabajadores calificados agropecuarios, forestales y pesqueros",2015,7172,293898,373631.2580343048,44.00023484644786,0.3608733860116758,0.1892459288596724
1,"Directores, gerentes y administradores",2015,2135,171771,1604186.4292825472,45.990359257383375,0.7834548068818484,0.326935280111311
NA,NA,2015,503,40237,1281026.9492709753,39.071451648979796,0.7230379071009077,0.629147302234262
0,Ocupaciones de las fuerzas armadas,2015,462,33814,981344.0504236658,47.82229254155084,0.8809752173509483,0.0576684213639321
9,Ocupaciones elementales,2017,21529,1800337,307536.6641343033,40.903149247426576,0.6082558804192938,0.44405130817174787
5,Trabajadores de los servicios y vendedores de comercios y mercados,2017,18423,1799580,411446.0747202687,41.69261147467409,0.550234146079851,0.5976716789473099
7,Artesanos y operarios de oficios,2017,13403,1236662,445555.0606372722,43.31540372369262,0.4863484119237439,0.13117407990218832
2,"Profesionales, científicos e intelectuales",2017,11230,1183899,1227069.0946846036,41.84824935952177,0.841362772943901,0.48980614055759825
3,Técnicos y profesionales de nivel medio,2017,8210,796994,759340.501730161,43.77389078283939,0.8406572627627145,0.48558207464548037
8,"Operadores de instalaciones, máquinas y ensambladores",2017,7565,690958,496570.5241478376,48.180686341659076,0.5779636067190334,0.07794540333855314
4,Personal de apoyo administrativo,2017,5244,528159,468340.8280296501,43.753866221255734,0.8071025338383104,0.5601987280345502
1,"Directores, gerentes y administradores",2017,1934,196729,1895383.2306603943,46.61290453835708,0.8214076261828402,0.342679523608619
6,"Agricultores y trabajadores calificados agropecuarios, forestales y pesqueros",2017,3646,185650,436101.7539090106,44.683007259087354,0.2705906833985538,0.13680043091839483
NA,NA,2017,489,48937,1563430.6730591164,40.30283834317592,0.7396900269541778,0.6436643030835564
0,Ocupaciones de las fuerzas armadas,2017,453,32445,831827.5979656547,47.200154511742895,0.9198070545673802,0.07357065803667745
