subgrupo_principal,n_muestra,numeracidad,literacidad,uso_numeracidad_trabajo,uso_lectura_trabajo,uso_escritura_trabajo,uso_tic_trabajo,subgrupo_principal_nombre,gran_grupo,gran_grupo_nombre
52,389,208.9873983199418,211.2422307050047,2.033839209692813,1.5165335325565137,1.6729805852231148,1.5872544835129796,Vendedores,5,Trabajadores de los servicios y vendedores de comercios y mercados
91,231,172.45826611701364,178.45954091840005,0.7207213350334498,0.1474749276335594,0.8319989673897363,1.19199903198764,Auxiliares de aseo y trabajadores de casa particular,9,Ocupaciones elementales
33,209,231.59576393837995,234.79639947745696,2.5531936217642266,2.479878461113829,2.7856798511162246,2.496260797559883,Técnicos en operaciones financieras y administrativas,3,Técnicos y profesionales de nivel medio
51,201,205.3335757292802,210.97952829334275,1.709839229381788,1.5567229491740993,1.6120718660377975,1.49945073507401,Trabajadores de los servicios a las personas,5,Trabajadores de los servicios y vendedores de comercios y mercados
83,175,205.7927283143699,203.12703680834016,1.7557974472177857,1.045518804862782,1.5313930434218177,1.3439757665132677,Conductores de vehículos y operadores de equipos pesados y móviles,8,"Operadores de instalaciones, máquinas y ensambladores"
23,165,270.659432595059,269.0356862297782,2.17598262557622,2.5964861634327545,2.470055611391323,2.453842454376815,Profesionales de la educación,2,"Profesionales, científicos e intelectuales"
75,115,205.80000888790997,211.42811711082646,1.9336392212384477,1.2452764937245933,1.1789975362234268,1.602676192253724,"Operarios de procesamiento de alimentos, de la confección, ebanistas y otros oficios",7,Artesanos y operarios de oficios
31,114,233.7042309242545,223.5775670293082,2.765168571575232,2.3822680550358353,2.7671107426617274,2.303899430147261,Técnicos de las ciencias y la ingeniería,3,Técnicos y profesionales de nivel medio
71,113,189.53040647624564,188.96619336507277,1.9962377150015895,0.8956200107115132,1.2168801627175043,1.2321765867182124,Operarios de la construcción (no incluye electricistas),7,Artesanos y operarios de oficios
53,110,196.7601707519953,205.65332839433867,1.3849448859380649,1.8811721584174788,1.6809024963682546,1.5814985494799363,Trabajadores de los cuidados personales,5,Trabajadores de los servicios y vendedores de comercios y mercados
93,107,191.903256393024,197.2096871781398,1.5520607476028498,0.8876851986094506,1.1741721989085454,1.426571730703841,"Obreros de la minería, la construcción, la industria manufacturera y el transporte",9,Ocupaciones elementales
32,106,226.682396840046,235.26821267575397,1.6880930545769697,2.2051368469314188,2.120590806011625,1.985313742433854,Técnicos de la salud,3,Técnicos y profesionales de nivel medio
22,97,279.2776212772752,274.5407677798017,2.3255057728443513,2.526541094466637,2.787521119330713,2.210522027854245,Profesionales de la salud,2,"Profesionales, científicos e intelectuales"
26,89,237.3152346751211,250.13548795126155,1.842809301238385,2.6747113690426096,2.74552428262071,2.289469417827974,"Profesionales en derecho, ciencias sociales y culturales",2,"Profesionales, científicos e intelectuales"
72,89,214.29967170123064,207.56652903157675,2.320253249572975,1.7746531056220536,1.8375491469003855,1.8602634537948786,"Operarios de la metalurgia y operarios de máquinas herramientas; mecánicos de vehículos, maquinarias, aviones y bicicletas",7,Artesanos y operarios de oficios
21,81,283.1584690681089,267.7519983490133,3.1198245102214375,2.6450111262664686,2.8696336145237606,2.8577450010221566,Profesionales de las ciencias y de la ingeniería,2,"Profesionales, científicos e intelectuales"
13,80,264.1870394433534,253.41607339174183,2.8207842184627956,2.383995293364092,2.4661658445764703,2.4650574984412663,"Directores, gerentes y administradores de producción y operaciones",1,"Directores, gerentes y administradores"
54,75,207.06252678253057,217.14711063093358,1.1345676512802294,1.4060714358390975,2.2300002105035843,1.9536385828707739,Personal de los servicios de protección y seguridad,5,Trabajadores de los servicios y vendedores de comercios y mercados
43,73,206.90440725788054,207.68618757097295,2.154733595848232,2.097033795249841,2.499078501340385,2.074027994230571,Auxiliares y ayudantes de registros contables y encargados del registro de materiales,4,Personal de apoyo administrativo
24,72,263.7953294459141,259.16348635471803,2.768928808030871,2.5911608767239325,2.7979934624298264,2.9650474193918592,Profesionales de negocios y administración,2,"Profesionales, científicos e intelectuales"
42,53,230.9139643253641,239.3280173360835,1.5360515143893858,2.2435027668313197,2.4423455797317053,2.012800798576125,Empleados en trato directo con el público,4,Personal de apoyo administrativo
34,52,239.2172663448547,245.77797033649657,1.6026821934582642,2.3641523642580307,2.288932116895402,2.019808911706648,"Técnicos de servicios jurídicos, sociales, deportivos y culturales",3,Técnicos y profesionales de nivel medio
81,48,181.57633458950477,181.85439647815886,1.4883908839785898,1.2471321129226334,1.9832300346754654,1.3700879738263887,Operadores de instalaciones fijas y máquinas,8,"Operadores de instalaciones, máquinas y ensambladores"
94,47,191.90270345289167,197.7484585538866,1.8968158211172312,1.6673152400512306,1.4454441254984942,1.5323344447636276,Cocineros de comida rápida y ayudantes de cocina,9,Ocupaciones elementales
14,40,242.64756209446287,239.10964107662258,2.59740551960879,2.5336553065196803,2.4805440296611865,2.169979701103862,"Directores, gerentes y administradores de hoteles, restaurantes, comercios y de otros servicios",1,"Directores, gerentes y administradores"
12,37,272.676735487123,269.38323005759645,2.775204053217594,2.8038225591628225,2.7903700201462347,2.4924162763336395,Directores y gerentes administrativos y de servicios comerciales,1,"Directores, gerentes y administradores"
25,34,290.6161043463628,280.46885047074034,2.3585617760609137,2.7572891257161807,2.691737444093322,3.6192828066274467,Profesionales de tecnología de la información y las comunicaciones,2,"Profesionales, científicos e intelectuales"
96,33,192.53243282581323,203.70246774735773,1.2715812250210097,-0.05761522038899264,0.9364327675023916,1.3502469225376852,Recolectores de desechos y otras ocupaciones elementales,9,Ocupaciones elementales
73,32,223.7982347668396,224.06734651137614,1.980703988794444,1.4124753528796705,1.422116094831229,2.2562959507301006,Artesanos y operarios de las artes gráficas,7,Artesanos y operarios de oficios
61,30,159.15116533507342,168.7188293273319,1.3341775952914656,0.41733928594373093,0.8170609639409022,1.6127942893765408,Agricultores y trabajadores calificados de explotaciones agropecuarias cuya producción se destina al mercado,6,"Agricultores y trabajadores calificados agropecuarios, forestales y pesqueros"
92,30,163.16354474012525,172.05538649410153,0.9103128590228441,-0.29565579016559074,0.629364886639377,0.908944299532527,"Obreros agropecuarios, pesqueros y forestales",9,Ocupaciones elementales
35,27,267.4491798168645,264.5916252796471,2.4703502084915416,2.5111422258534217,2.7830604787204134,2.8807683697792,Técnicos de la tecnología de la información y las comunicaciones,3,Técnicos y profesionales de nivel medio
41,26,229.7887261715684,243.17906283258102,2.34886991974684,2.2858837665833023,2.959332115319991,2.38057730063206,Oficinistas,4,Personal de apoyo administrativo
44,25,209.47970695810545,216.66622438975577,2.120948374124543,2.202330026858223,2.8397329639917865,2.756244057114057,Otro personal de apoyo administrativo,4,Personal de apoyo administrativo
74,23,218.70742468004872,216.80826877556385,2.0607181331639213,1.4915183108623988,1.5477493446920216,2.1006776723814164,Trabajadores especializados en electricidad y electrónica,7,Artesanos y operarios de oficios
95,21,158.93556802014695,167.21594590048386,1.828514331757987,0.8322238427034292,1.1726094765318418,1.1790490750570095,Trabajadores ambulantes de servicios y vendedores ambulantes (excluyendo comida de consumo inmediato),9,Ocupaciones elementales
11,15,267.8676713606832,262.47761256047806,3.2854934321495772,3.3533196322872234,2.7111302381640034,2.954587671013937,"Miembros del Poder Ejecutivo y Legislativo, personal directivo de la administración pública y de otras organizaciones sociales y/o políticas, directores ejecutivos y gerentes generales",1,"Directores, gerentes y administradores"
62,9,135.98767523307785,135.05052488283545,1.6348197909532214,-0.5982552055393457,0.5390167186146824,1.2650972624876178,"Trabajadores forestales calificados, pescadores y cazadores cuya producción se destina al mercado",6,"Agricultores y trabajadores calificados agropecuarios, forestales y pesqueros"
82,3,188.64059238655173,200.01231836699608,0.880968276258263,1.4226636894754674,0.7195163274269641,1.2655029862269171,Ensambladores,8,"Operadores de instalaciones, máquinas y ensambladores"
